lon,lat
10.7654583256619,-74.713827464838
-32.8424987548345,-68.6193522469288
39.6721534654409,40.013445103243
17.7918261506689,121.105364126678
24.9841584511627,55.4938900204051
52.7603413276026,-8.83829721672395
9.99013275868131,118.857574549951
42.1326121312869,-72.7224596412105
38.7465862431573,-75.490173355019
51.4537300565691,-0.129693516139481
33.8628295972106,133.965508216975
-25.4266615168577,-49.232272281497
-6.41792749480957,107.475271308047
36.924198480579,23.1526878371957
3.57578946981323,-61.7690288272234
34.0625262895676,-123.286104894432
38.4561986682895,-116.123281432191
-14.8925854348269,-40.4246149682596
34.2855754497035,135.343640862886
35.6836488390712,139.731765708383
-2.05144432034124,-88.4687039719585
12.3400063639427,80.3603097494692
-16.6613486277422,141.213784604186
-3.51220836504409,-38.286877561259
-38.9343955196855,-68.1291915803896
46.2575968489229,28.5543702543276
14.5775796702768,121.036573819367
-35.9329824416549,-62.1712242184618
36.7127529030668,-76.2630963034781
38.4513422409147,27.1019991765994
44.8769589095164,5.7199311196528
-19.9299016128521,-44.0029339849752
27.1042385422535,134.831622193873
25.9587100837038,121.134005227009
43.8200975677951,143.438254757018
13.8118481477506,100.552749919651
0.307269224561603,125.957731113464
-6.22994936453334,107.028189665967
16.5130512215343,99.9465954536187
28.1891220974375,-141.20442940325
29.3370244072394,47.8764756160475
-11.9411792754011,-77.1780965261561
8.19456446396176,124.102638275969
42.7642110392268,136.098627119433
22.6469132238192,113.777462813738
13.3523921401024,123.523701406347
-34.054553878201,-59.1933078512901
-12.4071449273061,-38.2286897100246
45.131630252722,9.1312922395394
56.3703622492832,73.2326276458318
40.0189746298715,-82.9325459628897
33.9646116391995,-118.118720138834
6.4978124540095,100.346667978091
60.3144610850342,17.3922258352111
38.4768612278827,3.91165201892857
-51.8781620608235,-57.2634480339765
-1.60999451376421,116.116706445595
1.96476157217441,103.198714970761
35.9785745368825,139.579380459756
-26.7671523265,-48.9971318238805
37.8401073719582,-122.338455810488
43.2504593439609,-88.3204007210858
-33.5344240691263,-65.2369057347678
35.8385488406866,-86.6404575448434
40.972934086488,28.8162202390634
21.0095718116441,43.3864975036211
45.2052697772286,-93.2851153476081
52.1087313803389,5.14587987179593
52.2293259513124,105.594323340792
26.8893889956762,-104.467311052293
41.7248404395292,115.465902155777
25.8475862981896,67.7627164106204
-58.3055329017742,66.6828367789785
-38.1386571161444,-57.7439911082328
39.4360793933191,-76.6056807140482
40.9947125143975,140.863518149036
-23.445240936978,-51.6873735196277
49.4823974793453,-98.4821226361275
50.2607076766579,-4.55293442263394
29.414994566275,-98.5701426434839
45.6890078564161,39.4299913717177
3.93159899857811,98.1106244163905
20.5994543696524,-100.996266073769
42.5082799916201,-83.2644131768207
33.8717170237206,-118.435347940066
-6.20503281771896,106.843292598136
45.0761063252721,-75.7121642358211
36.744091489031,137.088555273996
50.6797005926911,3.71582924457044
16.2341506160728,120.67350096319
-21.0879360751471,-54.7648137460314
57.6814189738571,161.177388188102
-22.8693771981739,-43.1075202799839
-32.5089436141854,-58.4150729500945
51.4905906522163,-3.15725576740513
3.23529464573209,-67.720813694615
14.4176405384477,145.141005885146
40.7161027188532,52.1901775817487
4.28146888105144,-74.060490784313
47.3915149163575,17.0374902846124
1.37282528850352,103.83369487207
-40.3382189343235,-58.7165259913854
32.5795308686619,-117.050562452455
40.8888992860566,-75.6708022023639
4.51222504706438,101.037574018347
-17.5505516062653,24.5283988883873
22.9378045758881,53.1110013079337
61.9866644732111,-149.981058337112
50.915622160681,40.5509805279261
35.0136649391786,135.780003734669
-33.3792772899796,-62.6080667639772
-23.8674185545219,-46.4382316944128
24.6718952744931,46.6343505755542
-9.8099324112145,-66.3086887919629
14.9577035507444,102.146782337225
36.6990617963752,-119.722318634126
41.5725796060125,32.3622441528005
20.6796789852528,-88.6549526481447
-29.8891159703671,-53.933391274472
-27.6586753784487,-48.512712140462
30.410194413243,-86.9618952420342
-34.5876044364503,-58.7115331961039
36.9792406279202,31.4063217988012
-5.14094191273105,119.930146233069
33.6816612501013,131.205055165021
28.7237169455637,12.0978243784531
45.678734522382,-72.7078131864513
27.2145699372903,42.6555613200541
31.8660491608635,-100.267348138155
35.4600126438026,-119.015902826584
33.1358374079281,-111.733514893759
37.9938382909037,28.683987309423
-34.6599208356429,-58.4195728590907
39.9078592514736,-104.975377026035
21.9185283866562,39.4194005922737
29.7727850859384,28.9723915578114
31.9319337881814,-103.118679379073
32.5282033059387,-114.794512310954
35.6524644868478,138.44720055992
-18.8613965674847,-48.7789021517991
23.1451458241145,58.2414124435065
14.3220649256914,122.385804792541
36.9097870068271,-4.29428289510971
-22.6337985575662,-42.0437100749408
35.0305042172124,134.49431791359
35.1862792139228,136.922673428096
41.4983904613094,2.12150160276451
4.01728422915583,103.312073426944
39.6359860940151,-119.627641544905
46.2784775602381,-59.6829130232408
-27.8508091007774,-59.0550969538054
6.59260375749972,-76.0074661590619
-52.7786384168,-69.4433050825516
33.7665671579433,-117.858089814477
72.4808711036056,-74.122042437749
57.7179037842691,11.2853182789743
34.392313683152,-102.064659550931
10.5167410899281,-70.5825105964213
-27.6975225637399,-55.6328337324198
31.441468093391,-97.4983406433845
60.5027522473935,30.4356933468384
-31.3262120198497,-64.2078484631529
-35.9267385187063,-59.6775348065136
-32.4331340608987,116.210194117829
40.7344658601107,-74.0261314974934
-6.57522829537991,-41.002481452698
-23.7067485428668,-46.7999987845722
57.1042775930929,55.4910570485037
43.2755390351705,-5.36438849662014
44.2660674018788,2.35372058084698
30.3582502846035,-97.7380332678811
14.774362797771,121.021403303704
-18.9836190721422,-42.5325544182577
26.1859155493437,-98.0056481647787
38.780445593048,-9.10342974297977
43.7092018924166,-79.5149826117212
21.4664461303762,-158.388351371098
10.899917335522,106.365685339296
54.3312599923428,47.6841509299887
15.1170584923103,120.581261033348
39.0697850752255,-94.7716118382594
-2.20520292790668,-79.6460422209674
3.17071746906474,101.700061797376
-22.3917677152467,-43.1635249395938
52.3055666621741,-0.354391810995811
34.9977650316358,-92.4221336937702
-0.91832841077965,100.394299025263
38.3857496395285,140.910419033883
38.2073927431229,-121.343096687839
27.8673893354494,-97.4573404139693
-34.6751704630734,-56.1079908013972
32.0806637732349,-94.9440755333423
34.6756199867438,-120.351390286969
42.8242958927219,-78.8668240767474
53.5256965229337,-1.12211324522957
-2.16812713378929,-44.0102814100699
34.5801413926024,135.880338343802
39.5286641627454,15.0700593965027
54.3860389488716,28.9098206777817
50.9937365526933,18.5828610525661
-26.3218193107799,-51.3867835199131
34.6527653239905,-118.139692930891
52.7473938985305,20.7803195080098
43.7858329627228,-120.269425359003
-25.3023740129192,-54.0400341315671
39.1417573344373,-84.3983341809814
5.76427666038996,102.567493440128
-29.1509028273297,-51.5524121040094
-44.3495299589023,-66.5641887776634
16.4260203588982,-91.4877498478677
53.2077607334538,25.147290100333
36.5822526087889,-6.23509746469366
40.4940999563713,-78.8848842445984
-40.1823864160659,-101.385335506659
-4.96640350382765,-72.6807128757716
40.9277818179592,-81.4748265649775
36.4146663464044,-80.1050915227107
41.0431279134186,-116.228758413665
24.5453621551991,-107.963385756107
33.0152132776393,-117.154642902602
-31.3335894300805,-60.918416830156
23.2460411528248,73.8736709821917
38.0384204660976,-86.3297687697397
41.5368064198865,-80.3466135611704
53.048182379123,-113.342169431562
54.9592318973881,-1.47244400426401
30.3120894114103,-91.3857237225429
33.626707315862,-84.3813984619034
18.4841190909292,-67.5688676905713
19.3125463905229,-99.0517134281515
40.4291266441745,-3.73507999682148
48.7770996840022,2.38291780224606
34.8347999363124,137.468898850073
32.0091347601182,35.8200458772197
-2.76096847929706,104.369779156704
-27.8383144226346,-52.8947672944004
6.76539729716714,1.10298178614095
54.6420449209476,84.3099791541025
-34.4790852182457,-60.6475554692072
-19.6373786163696,-63.3985259872537
38.4127236717139,44.3588737582596
-7.79828533713011,-35.2672646922766
34.7350735535846,-117.238391624293
-31.888767957923,-52.5016260103541
0.930605829260753,110.328043393639
-28.5736127127472,-49.4798135832459
30.8160750573991,-84.0907044900992
38.2385105939515,-79.0930404986238
-6.93652503712101,107.761056787457
47.5050129902545,-122.250590322652
28.138024265303,-100.672683151141
48.9443055908772,35.2684163889933
38.587139910938,-82.0053821236653
18.9690983440346,73.1052157254988
-26.8028096468324,-65.477977478611
41.0881588415663,-73.248853139698
31.6562987131913,-106.428156166686
34.215064143152,-119.167048607696
37.8553062012981,140.284434018861
42.187616454538,72.0797959057134
33.7597340722034,-117.146291234211
15.5523833514774,29.4538705091613
41.6004508872831,-0.606604048497484
35.5872363122732,140.325113256932
-31.4953049348007,-54.5083109427922
32.8134004169211,-97.1110260995378
-30.8988276743344,-58.1993770371561
46.8607760632031,-89.0547342311919
58.9249437123539,24.4033539976302
36.2783862763733,-97.4165788420846
41.1818481932098,26.1531972705121
-26.2448919158401,-61.7988385274037
62.2647634193148,129.297820212167
7.34151835696622,-72.3065510001428
25.8210729450154,50.632460404142
53.7737036016066,-6.30330808161985
34.8398456370423,-81.2332728603905
-21.2368118345851,-41.6889453907154
-26.908464472636,28.4186617829578
51.7655092960095,1.1072798707608
24.5963728686133,-1.82831622450667
-7.58255241315631,112.673257218642
37.4615652658735,-1.39731081515327
-15.951622112985,-48.1930669385367
12.5867689302549,77.3236883282058
52.4547861214289,13.1864607319743
51.1907570584205,31.0332786678841
3.82868613222373,101.263807206726
32.4864967668895,-92.9817989326693
18.4889553906262,-76.9099618703813
-2.73278239324388,-59.7004252173588
40.826798765609,29.3008083032669
26.0179869554041,-80.378721633273
-14.5158021085518,-56.304819728604
-8.03095815030608,-49.0310822123389
41.7306204479239,-87.9032126345015
40.9439437030697,36.7268307887306
43.2240430043741,131.559578858464
9.59689249736296,-83.2041396423692
-8.67418178818488,115.336208740033
36.1848879397767,-95.11715063737
-18.7948637607263,-46.2925224407117
13.1699137858181,99.6852672109756
1.2961063724495,100.890270777096
-22.7761614453639,-43.4223000057392
31.292407091856,141.818913132895
8.30685847612724,99.0247563234008
37.7645228223336,139.01655106555
52.4406872828149,-1.76685497916936
43.4695578419296,-1.99000990416648
22.272547236736,-101.534951171641
16.4895872015687,43.4678667949319
28.4379317705693,-81.8424812834694
50.9952887856302,-1.43749373209498
43.5346485288937,94.6848662430341
-23.4688847073282,-46.536733105595
28.689942022909,-111.177825405678
49.8920931931551,-123.506401943573
31.6772793749719,73.1741163801852
41.4296633070958,-4.89163790349429
36.6487173625493,140.629461301445
13.5432145957778,-117.494937517022
39.1717888335952,-6.57373624224103
-38.8484029956108,174.089195557145
0.413719259100528,101.523836583094
34.9092587958815,136.498894079081
38.9034369871244,-77.1254988304181
-6.14429606827181,106.054848051673
34.6522917927413,-98.8926669168534
3.09328303240198,101.51534296754
42.3590648750519,-70.9792722645173
42.7507858656674,-75.8782797377361
-29.418654402631,-36.1405151165243
-22.9118847783237,-47.3230486823408
-33.725024895164,-57.3037144904059
49.2080262803419,133.618991093345
53.5045721620443,-2.18699370961375
32.4397418595567,-81.3336402121409
5.42157681343037,100.41507000216
42.9676263929036,141.330707947631
41.3743304403623,-84.0763675294199
47.0405739082927,-118.255162487245
26.2610969237406,-85.4012027740471
-6.99761169227386,110.481887868784
33.4218605580231,130.221250883676
41.7014021126702,-96.4412154265945
44.3224817819358,20.0062027782779
39.9051033237844,-86.3359625553926
48.8911580898196,0.490881400274425
42.3907379083392,12.1521199137618
46.6152161990612,-84.1236696486747
-30.0181845810519,-51.1298716161387
-2.39574948767208,37.4673257998004
36.3107088223693,136.513154002132
41.0730727234936,-77.5052138148522
-6.16449527058428,106.745813859574
34.8776436980026,138.238978655605
9.44877776577694,-62.7603133906575
-6.65928514990326,106.845715407913
-33.1677279664688,-71.0756630208869
-65.3852707049655,-8.41184786337931
38.4832996777161,-3.47286234535488
39.5536397214456,30.3886779207932
35.4064963433299,139.565555236213
2.28524718791584,102.361850679691
2.93067659743501,101.740115532293
-5.30612754556865,105.139213523751
-22.5384289921405,-159.115395780621
35.4423007619709,-111.28269301036
34.5687178534975,133.766399060088
46.4997596268885,11.9342940491096
-37.4884167961914,-60.0044004674699
41.4744657590028,21.9094178912892
41.5384139876944,-81.7681375246693
-25.5044208131611,-57.7182837009066
37.2890950946187,126.987453078994
7.11674745747331,8.84151369141271
28.5773104099712,77.6781435692779
41.6196317596613,-8.46421561856764
-32.9834143340495,-60.6364769837399
33.3867310909502,-87.3083828829517
22.5979846065448,-98.3737298775346
-21.3215720415211,-48.0388455178193
14.05315796749,-87.1868714966268
50.132705068531,14.8135671543134
-29.8807345845916,-49.8851444347174
-21.5233344870576,-46.1330239447986
34.0560300815027,-117.532360474641
39.8797092708707,32.8955355000916
10.5857644738292,123.453915891888
2.63774191682266,99.0037977931197
13.7884598643142,121.292624078926
37.0706340519022,35.5475782282998
15.1370847661627,-60.6875915214088
5.08528383083404,115.797915388923
35.5262287922546,-106.522151462573
36.8627214878804,28.0775451702751
18.4398746599176,79.891130238762
24.9281784066529,87.3883492106135
39.0914096104978,-0.327211597736549
-22.9016614460211,-43.6863792186047
-21.7349932211261,-49.995293520487
-36.7369538902522,-57.0128433629507
56.4419516728083,-3.74591214277048
41.1164574632882,28.6533185725901
43.307702604105,-77.603643824775
40.7610021523695,30.2611984184492
13.0545362369063,101.154110268749
42.6576392314083,-85.4646451742037
40.9440669643172,-111.637879973442
14.3207046567054,121.020672728811
33.807427728357,-116.258207606382
55.8737575750825,92.8100807658869
47.9396907320716,23.8668088197841
35.2154927765475,-89.7039393329517
-30.1498230622225,-56.3983286512404
-38.855170496489,-72.1995053491893
36.4837903258666,138.095338899309
-19.1993979571246,-70.8560341692034
39.6447344678609,-121.93854888772
35.5519932223579,133.081650403443
41.0381335271802,29.0186077938002
36.1454308434492,-115.053378994286
54.5423198194088,-3.11373545885634
35.176146389204,138.936190034181
26.9558809904009,-16.3687360699474
35.0932723737945,-78.6318967532368
34.6867236474617,135.518034452584
52.1537334259267,8.16785039347741
25.6607882938677,-100.338447129202
30.4340494259671,-89.9975260698322
3.54951070691134,102.698196240713
40.2340275076029,-80.0705914514891
2.96787661083294,-76.3811678811328
41.113216339665,27.5614379755575
5.83291513893366,77.7761533055031
39.9236891415502,-75.087051646679
-7.72576225531524,110.538459522364
30.1485356039555,-93.701168117387
10.1232215265984,-67.0387981375442
34.7424415312073,135.116273223672
-33.8512751937251,-54.2596911189114
41.6670266753669,-123.074815429662
-33.458922710767,20.0723568297738
-23.0107124726466,-43.3539433616907
63.9808486620786,-22.5661505130672
37.4206615684783,-77.5349796212661
56.5922208419387,61.6110527608872
35.8566980673726,-83.4973692590932
-34.9556624976063,-57.9780499494827
37.1939623336483,-121.840975274846
22.1458519433649,169.71055022308
7.09306203266934,125.447375783307
-36.6318818899737,-64.538359593188
29.7352848629727,31.6180173076234
31.8050901435545,130.888992019075
2.65357832921582,101.965424190763
26.3361736817906,127.698345171095
29.8302677395814,-97.9207343325485
29.7437286746516,-95.3830068702915
34.1869809105267,132.556235988944
47.3078692980945,-1.32104157148662
39.6113932435699,140.85980057861
38.7656538225032,-100.444282446057
20.527513360176,-103.571794437635
41.8926313143379,-92.0676921902822
18.6853991408266,-96.0872464954995
26.4770345638985,141.17163005677
-34.1186308718769,148.622369316822
36.5550455450523,139.894814342903
-0.844344663336184,-49.1581550324871
-23.1787329483799,-45.6824713119821
-20.1640736303324,-40.185876233211
41.0999269055393,29.2521386634329
27.0247462114369,-94.6664764265591
56.0840918363125,37.8505461127845
53.3771240929046,-3.02657730718194
44.198500182666,-123.294805554859
45.4974568141316,-122.703944870482
38.7262978899115,-90.1872348452989
36.3698908684118,139.136037624398
4.70696894718221,-75.5379157863384
-32.1662232728939,-56.3295998480131
44.4819603849544,-115.256854157791
19.2312617677238,99.3562185123691
35.8287431542817,140.017071749814
-7.28633240905599,109.256733877898
40.0836705413122,28.8678103029198
-39.3237318573221,-62.4990631231823
30.3436646614983,-95.9281907135848
48.8260202247987,7.68589309642234
-21.414051154202,-43.3658553138929
32.9896336377527,-96.5914268628551
-6.35356026230271,106.834091954452
18.1478992271183,103.414039765982
34.1985625053696,-118.443978335716
15.9605827206365,103.649691117706
35.6552300891852,139.388805961738
-22.5761167345445,-44.4650015279572
-6.23754065319627,106.627616378282
